,frequency,key
0,1,4914
1,1,5049
2,1,6005
3,1,6065
4,1,6113
5,1,7335
6,1,8291
7,1,10876
8,1,10957
9,1,15754
10,1,16981
11,1,18786
12,1,22454
13,1,26654
14,1,28038
15,1,28709
16,1,31589
17,1,33786
18,1,34639
19,1,35148
20,1,36647
21,1,38708
22,1,39107
23,1,39786
24,1,40767
25,1,44397
26,1,46324
27,1,48271
28,1,51500
29,1,56730
30,1,57788
31,1,58640
32,1,60006
33,1,61646
34,1,61721
35,1,62442
36,1,62696
37,1,63049
38,1,63960
39,1,64298
40,1,65370
41,1,65943
42,1,65974
43,1,66724
44,1,67752
45,1,68039
46,1,69971
47,1,70573
48,1,71664
49,1,72869
50,1,72872
51,1,74497
52,1,78254
53,1,79752
54,1,83801
55,1,84096
56,1,88812
57,1,89724
58,1,90264
59,1,91261
60,1,92491
61,1,94538
62,1,98562
63,1,99289
64,1,99960
65,1,100127
66,1,101482
67,1,101714
68,1,101987
69,1,103093
70,1,106797
71,1,108618
72,1,108620
73,1,109534
74,1,110546
75,1,110911
76,1,119710
77,1,121564
78,1,121901
79,1,122647
80,1,123281
81,1,123899
82,1,124021
83,1,124410
84,1,124520
85,1,124560
86,1,128646
87,1,129148
88,1,130237
89,1,130289
90,1,132127
91,1,132589
92,1,132989
93,1,133107
94,1,134374
95,1,134584
96,1,135246
97,1,136662
98,1,138307
99,1,138362
100,1,139671
101,1,140391
102,1,142792
103,1,143757
104,1,143843
105,1,144959
106,1,147813
107,1,148947
108,1,150752
109,1,151622
110,1,151962
111,1,155811
112,1,155929
113,1,157336
114,1,157539
115,1,157560
116,1,158424
117,1,159734
118,1,159847
119,1,159901
120,1,160231
121,1,161353
122,1,162434
123,1,164126
124,1,166431
125,1,167002
126,1,170107
127,1,170350
128,1,170468
129,1,171884
130,1,175209
131,1,175896
132,1,176223
133,1,177727
134,1,178927
135,1,180184
136,1,180270
137,1,180585
138,1,182405
139,1,189527
140,1,190141
141,1,190163
142,1,190794
143,1,191824
144,1,195240
145,1,197604
146,1,198195
147,1,199202
148,1,199687
149,1,200206
150,1,203729
151,1,203905
152,1,208746
153,1,209217
154,1,209463
155,1,210645
156,1,211422
157,1,212534
158,1,213293
159,1,214923
160,1,218563
161,1,220469
162,1,221593
163,1,221841
164,1,223707
165,1,224179
166,1,226888
167,1,226946
168,1,228098
169,1,228956
170,1,228992
171,1,228999
172,1,231027
173,1,232003
174,1,232278
175,1,236328
176,1,236633
177,1,236711
178,1,237519
179,1,237564
180,1,237800
181,1,238485
182,1,238995
183,1,240275
184,1,244200
185,1,245327
186,1,246712
187,1,247120
188,1,249914
189,1,254761
190,1,255914
191,1,255974
192,1,256086
193,1,256397
194,1,257566
195,1,257850
196,1,257911
197,1,258498
198,1,258740
199,1,258814
200,1,258928
201,1,261195
202,1,261282
203,1,261643
204,1,262045
205,1,263974
206,1,264029
207,1,264374
208,1,265403
209,1,271315
210,1,273449
211,1,274363
212,1,277109
213,1,280951
214,1,282317
215,1,282704
216,1,284012
217,1,285261
218,1,287525
219,1,287893
220,1,287925
221,1,288566
222,1,290692
223,1,290926
224,1,291440
225,1,291870
226,1,296490
227,1,297927
228,1,298481
229,1,299098
230,1,300212
231,1,301113
232,1,301650
233,1,302916
234,1,305600
235,1,305984
236,1,306885
237,1,306948
238,1,308451
239,1,310192
240,1,311792
241,1,313095
242,1,313241
243,1,313484
244,1,316431
245,1,318086
246,1,319261
247,1,320411
248,1,324857
249,1,326731
250,1,326820
251,1,330562
252,1,331333
253,1,331352
254,1,332257
255,1,332610
256,1,332831
257,1,332887
258,1,335043
259,1,335992
260,1,336055
261,1,337205
262,1,337324
263,1,339793
264,1,340638
265,1,342266
266,1,343369
267,1,345700
268,1,345843
269,1,346033
270,1,346655
271,1,347799
272,1,348528
273,1,349665
274,1,349722
275,1,352874
276,1,354923
277,1,355708
278,1,356236
279,1,356309
280,1,356457
281,1,356696
282,1,358567
283,1,358601
284,1,358702
285,1,360001
286,1,360492
287,1,360610
288,1,361281
289,1,361682
290,1,363024
291,1,368581
292,1,371383
293,1,372224
294,1,372734
295,1,373144
296,1,373370
297,1,373569
298,1,373921
299,1,383994
300,1,384680
301,1,386842
302,1,387220
303,1,387900
304,1,389941
305,1,392894
306,1,393794
307,1,394028
308,1,397518
309,1,398132
310,1,398283
311,1,398370
312,1,399811
313,1,401896
314,1,403096
315,1,404612
316,1,404734
317,1,405032
318,1,405294
319,1,407831
320,1,408209
321,1,408797
322,1,409367
323,1,412298
324,1,413350
325,1,421830
326,1,425353
327,1,426372
328,1,428266
329,1,428802
330,1,429196
331,1,430393
332,1,430509
333,1,431476
334,1,431971
335,1,432194
336,1,435976
337,1,436394
338,1,436442
339,1,441071
340,1,442161
341,1,443303
342,1,446413
343,1,448439
344,1,449186
345,1,449487
346,1,450103
347,1,451754
348,1,452232
349,1,452371
350,1,453324
351,1,456368
352,1,458150
353,1,458342
354,1,460943
355,1,461355
356,1,462855
357,1,463011
358,1,463142
359,1,468659
360,1,469589
361,1,470155
362,1,472478
363,1,472572
364,1,474031
365,1,475598
366,1,476876
367,1,476972
368,1,477151
369,1,478252
370,1,480226
371,1,480574
372,1,480790
373,1,480808
374,1,481111
375,1,481747
376,1,481899
377,1,482243
378,1,483476
379,1,484450
380,1,484718
381,1,485039
382,1,485757
383,1,487017
384,1,487320
385,1,488869
386,1,490041
387,1,491403
388,1,491442
389,1,491938
390,1,492018
391,1,493117
392,1,493331
393,1,495265
394,1,495909
395,1,496898
396,1,496915
397,1,498243
398,1,499853
399,1,500860
400,1,500911
401,1,500954
402,1,501735
403,1,503513
404,1,503912
405,1,504510
406,1,506032
407,1,506079
408,1,507568
409,1,507778
410,1,508088
411,1,508548
412,1,510786
413,1,511613
414,1,511652
415,1,511654
416,1,511841
417,1,513670
418,1,515673
419,1,515769
420,1,517029
421,1,517559
422,1,519148
423,1,520589
424,1,521247
425,1,523198
426,1,524482
427,1,525314
428,1,527247
429,1,531150
430,1,535311
431,1,535964
432,1,536109
433,1,537448
434,1,539052
435,1,539193
436,1,541110
437,1,541277
438,1,541660
439,1,542204
440,1,542646
441,1,542913
442,1,542997
443,1,543303
444,1,543346
445,1,545565
446,1,548285
447,1,550307
448,1,550376
449,1,553177
450,1,553856
451,1,554413
452,1,556055
453,1,556407
454,1,556622
455,1,557834
456,1,557991
457,1,558204
458,1,559073
459,1,559778
460,1,560256
461,1,560886
462,1,560933
463,1,563340
464,1,564687
465,1,567649
466,1,569129
467,1,570992
468,1,571440
469,1,572903
470,1,574527
471,1,575015
472,1,576117
473,1,576335
474,1,578044
475,1,578051
476,1,579135
477,1,579787
478,1,580713
479,1,581652
480,1,582014
481,1,583398
482,1,583419
483,1,583572
484,1,584783
485,1,584842
486,1,585097
487,1,588309
488,1,588489
489,1,589126
490,1,591323
491,1,592795
492,1,593040
493,1,594583
494,1,595252
495,1,595532
496,1,598911
497,1,599996
498,1,600021
499,1,602801
500,1,605129
501,1,606017
502,1,607024
503,1,610347
504,1,610439
505,1,613883
506,1,614854
507,1,615969
508,1,619086
509,1,619964
510,1,621027
511,1,621372
512,1,622605
513,1,623117
514,1,623410
515,1,624673
516,1,624909
517,1,625173
518,1,626651
519,1,627425
520,1,629604
521,1,631287
522,1,634408
523,1,635079
524,1,635782
525,1,638198
526,1,639380
527,1,641843
528,1,642809
529,1,644005
530,1,646839
531,1,647512
532,1,649075
533,1,649161
534,1,652321
535,1,653080
536,1,656881
537,1,657489
538,1,659209
539,1,661371
540,1,662050
541,1,665142
542,1,666598
543,1,667196
544,1,669059
545,1,672081
546,1,673196
547,1,673548
548,1,674951
549,1,675258
550,1,676844
551,1,678493
552,1,678654
553,1,681643
554,1,682033
555,1,682422
556,1,683394
557,1,683560
558,1,685726
559,1,685841
560,1,686155
561,1,686645
562,1,687575
563,1,687578
564,1,690945
565,1,691833
566,1,693655
567,1,693970
568,1,694473
569,1,696044
570,1,700855
571,1,702762
572,1,703943
573,1,705098
574,1,705837
575,1,706204
576,1,706825
577,1,707099
578,1,710640
579,1,711013
580,1,711612
581,1,711626
582,1,716118
583,1,716775
584,1,717977
585,1,720925
586,1,723219
587,1,723451
588,1,724778
589,1,727396
590,1,729045
591,1,731068
592,1,731294
593,1,738579
594,1,740392
595,1,744346
596,1,745566
597,1,746981
598,1,747824
599,1,748770
600,1,751421
601,1,751564
602,1,753687
603,1,755407
604,1,755933
605,1,756433
606,1,756956
607,1,758563
608,1,759244
609,1,761447
610,1,762854
611,1,763416
612,1,763471
613,1,763768
614,1,767227
615,1,769160
616,1,770175
617,1,770206
618,1,774164
619,1,775972
620,1,776343
621,1,776398
622,1,776694
623,1,777093
624,1,779697
625,1,780894
626,1,781367
627,1,783552
628,1,783692
629,1,786649
630,1,786875
631,1,787841
632,1,788271
633,1,788532
634,1,791467
635,1,793672
636,1,794150
637,1,795387
638,1,795503
639,1,798230
640,1,798880
641,1,798882
642,1,799635
643,1,800466
644,1,800607
645,1,801575
646,1,802565
647,1,803225
648,1,804032
649,1,806029
650,1,806154
651,1,806760
652,1,807428
653,1,811070
654,1,812127
655,1,812605
656,1,812870
657,1,815326
658,1,815801
659,1,815935
660,1,817246
661,1,820332
662,1,820892
663,1,823393
664,1,823931
665,1,830090
666,1,831951
667,1,832478
668,1,833643
669,1,833724
670,1,834482
671,1,836880
672,1,837861
673,1,838890
674,1,839309
675,1,843676
676,1,844196
677,1,844740
678,1,844914
679,1,844955
680,1,845112
681,1,847085
682,1,848615
683,1,849140
684,1,850186
685,1,850976
686,1,851950
687,1,852485
688,1,852720
689,1,854350
690,1,855824
691,1,855874
692,1,856904
693,1,859408
694,1,860330
695,1,860893
696,1,862317
697,1,862822
698,1,863175
699,1,867814
700,1,868552
701,1,868769
702,1,869569
703,1,871757
704,1,871948
705,1,873266
706,1,873914
707,1,877613
708,1,877796
709,1,879394
710,1,882549
711,1,883701
712,1,885510
713,1,887818
714,1,888111
715,1,888492
716,1,889532
717,1,892369
718,1,892516
719,1,893116
720,1,894179
721,1,897459
722,1,897705
723,1,897863
724,1,900931
725,1,901110
726,1,902669
727,1,903821
728,1,903920
729,1,905924
730,1,906728
731,1,907720
732,1,907787
733,1,908009
734,1,909084
735,1,910660
736,1,910981
737,1,911183
738,1,916166
739,1,916557
740,1,916912
741,1,917912
742,1,918873
743,1,921313
744,1,922519
745,1,925175
746,1,926362
747,1,929735
748,1,930566
749,1,931106
750,1,931446
751,1,931941
752,1,933016
753,1,933634
754,1,934310
755,1,939229
756,1,944375
757,1,947755
758,1,947958
759,1,949798
760,1,949826
761,1,952486
762,1,953174
763,1,953239
764,1,960732
765,1,961416
766,1,962218
767,1,962335
768,1,964758
769,1,965022
770,1,968706
771,1,969013
772,1,970695
773,1,971390
774,1,972354
775,1,978310
776,1,980162
777,1,980281
778,1,980905
779,1,980980
780,1,981478
781,1,981859
782,1,982535
783,1,984049
784,1,986167
785,1,993981
786,1,994326
787,1,995271
788,1,995500
789,1,996239
790,1,997120
791,1,997202
792,1,997256
793,1,997530
794,1,1000070
795,1,1001803
796,1,1003393
797,1,1003542
798,1,1004754
799,1,1010421
800,1,1010480
801,1,1011665
802,1,1012418
803,1,1012846
804,1,1013460
805,1,1014083
806,1,1015220
807,1,1016692
808,1,1017211
809,1,1017248
810,1,1017610
811,1,1018167
812,1,1020086
813,1,1021157
814,1,1021378
815,1,1022007
816,1,1022405
817,1,1023911
818,1,1026145
819,1,1028522
820,1,1029007
821,1,1030275
822,1,1030722
823,1,1033200
824,1,1034834
825,1,1037455
826,1,1038018
827,1,1038898
828,1,1039001
829,1,1039417
830,1,1040888
831,1,1041285
832,1,1042328
833,1,1042607
834,1,1043371
835,1,1044188
836,1,1045018
837,1,1046434
838,1,1046750
839,1,1047170
840,1,1047268
841,1,1049706
842,1,1052454
843,1,1053200
844,1,1054087
845,1,1055192
846,1,1058161
847,1,1061201
848,1,1061627
849,1,1062281
850,1,1062345
851,1,1064708
852,1,1064947
853,1,1065755
854,1,1066387
855,1,1071173
856,1,1073450
857,1,1074880
858,1,1075321
859,1,1076527
860,1,1076686
861,1,1076890
862,1,1077589
863,1,1080180
864,1,1082340
865,1,1082850
866,1,1083843
867,1,1086247
868,1,1087102
869,1,1087489
870,1,1087617
871,1,1087729
872,1,1088949
873,1,1093281
874,1,1095249
875,1,1096853
876,1,1097536
877,1,1098250
878,1,1102805
879,1,1102856
880,1,1104294
881,1,1105243
882,1,1106478
883,1,1107508
884,1,1109382
885,1,1110609
886,1,1114137
887,1,1116827
888,1,1118566
889,1,1120450
890,1,1120583
891,1,1120613
892,1,1121223
893,1,1122338
894,1,1122542
895,1,1122663
896,1,1124819
897,1,1125323
898,1,1127000
899,1,1128885
900,1,1128902
901,1,1129433
902,1,1129461
903,1,1130290
904,1,1130419
905,1,1134047
906,1,1137497
907,1,1143226
908,1,1143280
909,1,1144020
910,1,1145956
911,1,1147750
912,1,1150149
913,1,1151406
914,1,1153062
915,1,1155242
916,1,1155272
917,1,1155781
918,1,1157730
919,1,1162636
920,1,1164219
921,1,1164558
922,1,1165232
923,1,1166109
924,1,1166553
925,1,1166789
926,1,1166859
927,1,1166987
928,1,1167383
929,1,1169650
930,1,1170137
931,1,1170203
932,1,1170579
933,1,1170854
934,1,1177057
935,1,1178881
936,1,1181260
937,1,1183558
938,1,1185027
939,1,1185165
940,1,1185406
941,1,1185797
942,1,1186335
943,1,1186348
944,1,1186647
945,1,1186737
946,1,1188010
947,1,1189265
948,1,1192844
949,1,1193926
950,1,1196914
951,1,1197829
952,1,1198319
953,1,1200365
954,1,1201221
955,1,1202001
956,1,1204701
957,1,1206633
958,1,1206725
959,1,1208690
960,1,1208843
961,1,1209155
962,1,1209502
963,1,1210247
964,1,1211176
965,1,1211660
966,1,1212674
967,1,1212803
968,1,1215640
969,1,1219173
970,1,1219207
971,1,1219458
972,1,1221009
973,1,1222195
974,1,1222464
975,1,1224482
976,1,1225265
977,1,1225765
978,1,1226270
979,1,1226324
980,1,1227478
981,1,1227970
982,1,1229707
983,1,1229959
984,1,1231896
985,1,1232778
986,1,1233257
987,1,1234334
988,1,1234370
989,1,1234593
990,1,1236703
991,1,1236961
992,1,1236986
993,1,1237180
994,1,1238777
995,1,1241759
996,1,1243302
997,1,1246782
998,1,1250395
999,1,1251812
1000,1236070,name
1001,429582,place
1002,14394,population
1003,14366,postal_code
1004,1972,AND_a_nosr_p
1005,258014,source
1006,644,capital
1007,3240,name:bn
1008,66412,name:hi
1009,81816,name:kn
1010,34990,wikidata
1011,13754,wikipedia
1012,1262,name:ru
1013,8642,name:ta
1014,2190,barrier
1015,211400,addr:district
1016,214458,addr:full
1017,272510,addr:postcode
1018,221334,addr:state
1019,381976,amenity
1020,35842,tourism
1021,5884,bench
1022,1344,covered
1023,42320,highway
1024,4928,local_ref
1025,23654,network
1026,59488,operator
1027,50286,public_transport
1028,13980,shelter
1029,7252,wheelchair
1030,18778,name:kn:iso15919
1031,150,admin_level
1032,10656,name:ur
1033,24468,railway
1034,28958,ref
1035,13322,train
1036,3640,is_in
1037,5256,is_in:country
1038,396,is_in:district
1039,5140,is_in:state
1040,18230,name:ml
1041,4126,denomination
1042,38550,religion
1043,31164,addr:housenumber
1044,119308,shop
1045,56,key
1046,89742,description
1047,4558,ele
1048,6852,man_made
1049,22970,website
1050,14012,alt_name
1051,8,nat_name
1052,740,official_name
1053,8,reg_name
1054,12374,natural
1055,176,cmt
1056,180,sym
1057,9290,name:pa
1058,95336,addr:street
1059,28010,bus
1060,13112,building
1061,1610,designation
1062,3136,addr:housename
1063,45572,name:en
1064,7328,atm
1065,31000,brand
1066,31320,brand:wikidata
1067,5752,short_name
1068,12678,cuisine
1069,950,construction
1070,216,disused
1071,1392,station
1072,6296,junction
1073,840,name:de
1074,1726,name:ja
1075,6806,name:te
1076,28814,brand:wikipedia
1077,1972,nga:ufi
1078,76270,addr:city
1079,1000,school_code
1080,1168,taluk
1081,36626,opening_hours
1082,1620,addr:country
1083,19248,internet_access
1084,2718,smoking
1085,28358,office
1086,13760,contact:phone
1087,1166,name:ar
1088,432,name:fa
1089,8714,leisure
1090,1580,sport
1091,28214,phone
1092,1380,delivery
1093,1748,drive_through
1094,2786,takeaway
1095,1486,access
1096,302,parking
1097,188,westra_ref
1098,2336,brand:pa
1099,2386,brand:ur
1100,1916,brand:wikipedia:pa
1101,16,recycling:paper
1102,28,recycling_type
1103,13350,survey:date
1104,338,leaf_type
1105,5572,level
1106,8164,email
1107,8698,GNS:dsg_code
1108,8702,GNS:dsg_string
1109,8744,GNS:id
1110,3172,is_in:block
1111,4064,is_in:municipality
1112,2862,is_in:taluk
1113,3190,is_in:village
1114,1804,mdds:code
1115,1142,pin:code
1116,5972,source:alt_name
1117,7588,source:name
1118,2042,source:name_ta
1119,770,source:pin_code
1120,1896,source:population
1121,386,platforms
1122,20,tracks
1123,2912,branch
1124,3170,craft
1125,112388,healthcare
1126,4482,healthcare:speciality
1127,426,contact:email
1128,4272,contact:mobile
1129,206,contact:website
1130,5246,operator:wikidata
1131,5120,operator:wikipedia
1132,940,location
1133,9052,gns:dsg_code
1134,9046,gns:dsg_string
1135,9050,gns:id
1136,9646,gns:uni
1137,144,source:data
1138,2014,tactile_paving
1139,4276,historic
1140,320,memorial
1141,3816,addr:place
1142,520,addr:unit
1143,3104,note
1144,36408,addr:subdistrict
1145,2130,diet:vegetarian
1146,2574,personnel:count
1147,148,generator:method
1148,146,generator:output:electricity
1149,100,generator:type
1150,890,power
1151,5550,GNS:uni
1152,72,full_name
1153,40,full_name:en
1154,48,source:GNSData
1155,1062,isced:level
1156,678,school
1157,258,facility:clinic
1158,296,facility:computer_lab
1159,258,facility:doctor_on_call
1160,312,facility:library
1161,202,facility:playgroung
1162,288,facility:science_lab
1163,296,facility:toilets
1164,17184,operator:type
1165,344,student:count
1166,306,toilets:female
1167,300,toilets:male
1168,5928,fixme
1169,14000,addr:block
1170,4876,pole
1171,744,name:zh
1172,108,drinking_water
1173,1452,fax
1174,1768,locality
1175,106,check_date:opening_hours
1176,1194,clothes
1177,1470,landmark
1178,34,sat
1179,62,time
1180,206,changing_table
1181,1436,outdoor_seating
1182,2142,dispensing
1183,3688,opening_hours:covid19
1184,4518,payment:cash
1185,1140,payment:credit_cards
1186,416,payment:mastercard
1187,602,currency:INR
1188,182,loc_ref
1189,6806,name:mr
1190,2508,waterway
1191,1164,alt_name:en
1192,1244,species
1193,3148,mountain_pass
1194,2568,health_facility:type
1195,1720,name:or
1196,1202,source:name:or
1197,376,product
1198,294,address
1199,834,IR:zone
1200,116,trade
1201,3130,landuse
1202,1922,residential
1203,398,advertising
1204,618,start_date
1205,56,addr:ward_number
1206,714,public_transport:version
1207,2866,subway
1208,1464,camera:mount
1209,1470,camera:type
1210,1488,surveillance
1211,1490,surveillance:type
1212,1464,surveillance:zone
1213,6,alt_name:es
1214,2,capital_1
1215,56,is_capital
1216,24,is_in:iso_3166_2
1217,12,name:arz
1218,184,name:azb
1219,12,name:ckb
1220,152,name:cs
1221,78,name:eo
1222,376,name:es
1223,416,name:fr
1224,576,name:gu
1225,466,name:he
1226,6,name:ia
1227,6,name:io
1228,2,name:jbo
1229,396,name:ks
1230,24,name:lt
1231,6,name:mzn
1232,32,name:oc
1233,40,name:pl
1234,258,name:pnb
1235,80,name:ps
1236,26,name:sd
1237,18,name:sk
1238,124,name:sr
1239,530,name:uk
1240,772,old_name
1241,4,old_name:ar
1242,2,old_name:eo
1243,4,old_name:fa
1244,4,old_name:fr
1245,2,old_name:mzn
1246,2,old_name:oc
1247,4,old_name:pl
1248,2,old_name:sr
1249,8,old_name:ur
1250,70,place:cca
1251,2,rank
1252,22,source:name:oc
1253,4,source:old_name:oc
1254,160,alt_name:ar
1255,54,alt_name:ks
1256,148,alt_name:ur
1257,4,name:ace
1258,6,name:af
1259,6,name:am
1260,4,name:an
1261,4,name:ang
1262,144,name:az-Arab
1263,2,name:bat-smg
1264,52,name:be
1265,2,name:be-tarask
1266,16,name:bg
1267,68,name:bo
1268,28,name:bpy
1269,8,name:br
1270,2,name:bs
1271,10,name:ca
1272,2,name:cbk-zam
1273,2,name:co
1274,2,name:crh
1275,4,name:cy
1276,16,name:da
1277,2,name:diq
1278,8,name:dv
1279,94,name:el
1280,14,name:et
1281,6,name:eu
1282,2,name:ext
1283,12,name:fi
1284,2,name:fiu-vro
1285,4,name:fy
1286,4,name:ga
1287,2,name:gd
1288,2,name:gl
1289,48,name:gr
1290,48,name:grc
1291,2,name:gv
1292,4,name:hif
1293,8,name:hr
1294,2,name:ht
1295,68,name:hu
1296,90,name:hy
1297,44,name:hyw
1298,8,name:id
1299,8,name:is
1300,36,name:it
1301,2,name:jv
1302,18,name:ka
1303,6,name:kk
1304,2,name:kl
1305,98,name:ko
1306,4,name:ku
1307,6,name:la
1308,6,name:lb
1309,2,name:lij
1310,2,name:lmo
1311,10,name:lv
1312,6,name:mg
1313,2,name:mi
1314,8,name:mk
1315,4,name:mn
1316,24,name:ms
1317,42,name:my
1318,2,name:nah
1319,6,name:nan
1320,58,name:ne
1321,50,name:nl
1322,4,name:nn
1323,6,name:no
1324,2,name:nov
1325,2,name:os
1326,4,name:pam
1327,2,name:pms
1328,124,name:pt
1329,2,name:qu
1330,12,name:ro
1331,22,name:sa
1332,2,name:sah
1333,2,name:scn
1334,2,name:sco
1335,10,name:si
1336,4,name:simple
1337,2,name:sl
1338,2,name:so
1339,6,name:sq
1340,28,name:sv
1341,4,name:sw
1342,6,name:tg
1343,32,name:th
1344,2,name:tl
1345,46,name:tr
1346,50,name:ug
1347,16,name:vi
1348,6,name:war
1349,4,name:yi
1350,4,name:yo
1351,2,name:yue
1352,1384,population:date
1353,12,wikipedia:ks
1354,14,wikipedia:pa
1355,164,wikipedia:ur
1356,12,old_name:en
1357,2,old_name:pnb
1358,498,rooms
1359,368,stars
1360,116,network:wikidata
1361,114,network:wikipedia
1362,12,name:pa-Arab
1363,1098,created_by
1364,330,direction
1365,16,source:link
1366,4,intersection
1367,16,FIXME
1368,96,light_rail
1369,264,military
1370,114,alt_name:hi
1371,4,alt_name:uk
1372,34,name:new
1373,332,int_name
1374,116,source:addr:postcode
1375,210,source:name:ta
1376,8,place:ta
1377,22,wikipedia:ta
1378,252,name:iso15919
1379,2,Note
1380,36,loc_name
1381,170,name:alt
1382,4,name:kn:alt
1383,6,heritage
1384,8,heritage:operator
1385,2,old_name:pt
1386,6,ref:whc
1387,6,whc:criteria
1388,6,whc:inscription_date
1389,28,name:gom
1390,8,source:name:uk
1391,28,noexit
1392,6,AND_a_c
1393,6,alt_name:tr
1394,682,is_in:country_code
1395,10,is_in:state_code
1396,58,wikipedia:en
1397,820,alt_name1
1398,594,gns:dsg
1399,110,source:namedata
1400,150,crossing
1401,120,source:gnsdata
1402,392,source:mdds
1403,296,aeroway
1404,18,iata
1405,988,artwork_type
1406,278,material
1407,74,district
1408,26,icao
1409,2,alt_name_1:hi
1410,2,alt_name_2:hi
1411,6,wikipedia:hi
1412,424,alt_name:mr
1413,272,is_in:continent
1414,1516,source:name:en
1415,24,Households
1416,4,alt_name:bn
1417,318,source:GNSdata
1418,14,end_date
1419,14,historic:place
1420,4,alt_name:eo
1421,2,alt_name:pl
1422,4,name:kk-Arab
1423,2,timezone
1424,8,wikipedia:ar
1425,12,wikipedia:pnb
1426,2,wikipedia:ps
1427,2,wikipedia:sd
1428,22,city
1429,36,is_in:county
1430,244,name:sat
1431,14,name:lus
1432,2,source:old_name
1433,2,was:alt_name
1434,2,old_name:uk
1435,10,language
1436,54,wikimedia_commons
1437,2,old_name:ja
1438,16,elevation
1439,42,name:zh-CN
1440,2,historic:military
1441,2,name:zn-cn
1442,92,name:as
1443,348,name:zh_pinyin
1444,8,name:ceb
1445,2,note:de
1446,6,aerodrome:type
1447,4,closest_town
1448,18,name_2
1449,10,name:bh
1450,4,old_name:ks
1451,6,diet:fruitarian
1452,78,diet:meat
1453,354,image
1454,6,name:ab
1455,8,alt_name:fa
1456,2,name:lbj
1457,6,name:ota
1458,34,highway:ta
1459,72,amenity:ta
1460,692,departures_board
1461,36,name:etymology:wikidata
1462,886,bin
1463,80,passenger_information_display
1464,100,traffic_signals
1465,752,female
1466,36,traffic_signals:direction
1467,246,self_service
1468,234,comment
1469,42,is_in:city
1470,32,owner
1471,330,height
1472,50,seamark:light:character
1473,50,seamark:light:colour
1474,26,seamark:light:group
1475,50,seamark:light:height
1476,50,seamark:light:period
1477,50,seamark:light:range
1478,20,seamark:light:reference
1479,8,seamark:light:sequence
1480,20,seamark:name
1481,12,seamark:radar_transponder:category
1482,12,seamark:radar_transponder:group
1483,112,seamark:type
1484,652,lit
1485,404,surface
1486,20,wheelchair:description
1487,152,share_taxi
1488,5394,government
1489,88,wpt_description
1490,2,catmp-RoadID
1491,302,entrance
1492,16,alt_name:cs
1493,28,prominence
1494,24,source:prominence
1495,4,alt_name:pa
1496,176,fuel:cng
1497,16,payment:bhim
1498,6,payment:mobikwik
1499,146,payment:paytm
1500,58,payment:phonepe
1501,256,payment:upi
1502,18,fuel:Petrol
1503,436,route_ref
1504,8,fuel
1505,882,fuel:diesel
1506,152,fuel:octane_91
1507,96,fuel:octane_95
1508,40,cargo
1509,344,ferry
1510,12,rtsa_scale
1511,2,old_name:tr
1512,2,Resi
1513,10,intermittent
1514,10,width
1515,624,service_times
1516,4,boat
1517,2,is_in:union_territorytate
1518,1740,internet_access:fee
1519,26,subsea
1520,2,condition
1521,8,description:en
1522,38,is_in:archipelago
1523,26,is_in:ocean
1524,2,is_in:sea
1525,440,type
1526,30,operator:ur
1527,8,operator:wikipedia:pa
1528,34,short_name:ur
1529,1220,fee
1530,2,mini_roundabout
1531,108,inscription
1532,1846,emergency
1533,410,toilets:wheelchair
1534,10,button_operated
1535,10,traffic_signals:sound
1536,2,traffic_signals:vibration
1537,2,name:dz
1538,54,name:zh-Hans
1539,50,name:zh-Hant
1540,62,golf
1541,136,fuel:lpg
1542,38,contact:fax
1543,2,source:name:br
1544,74,url
1545,1180,air_conditioning
1546,2,helipad
1547,76,fuel:HGV_diesel
1548,400,fuel:petrol
1549,38,addr:place:ta
1550,88,supervised
1551,160,country
1552,320,bicycle
1553,314,foot
1554,192,motorcar
1555,146,motorcycle
1556,4,name:arc
1557,2,name:syc
1558,46,artist_name
1559,8,subject:wikidata
1560,12,baby_feeding
1561,190,food
1562,856,organic
1563,438,brand:wikipedia:ur
1564,42,alt_name:ta
1565,6,community
1566,20,payment:fasttag
1567,182,bus_routes
1568,2,alt_name:vi
1569,2,official_name:vi
1570,2,is_in:state:hi
1571,2,name:me
1572,838,alt_name_1
1573,2,name:1
1574,10,is_in:island
1575,8,name:az
1576,2,seamark:radar_transponder:period
1577,242,check_date
1578,456,information
1579,812,club
1580,80,fuel:biodiesel
1581,68,fuel:biogas
1582,64,fuel:e10
1583,64,fuel:e85
1584,66,fuel:electricity
1585,148,historic:ref
1586,108,service
1587,48,aerialway
1588,746,building:levels
1589,246,tower:type
1590,8,name:ce
1591,6,name:cv
1592,162,generator:source
1593,4,tehsil
1594,2,alt
1595,6,alt_name:1
1596,6,alt_name:2
1597,2,alt_name:3
1598,2,alt_name:4
1599,10,alt_name_2
1600,2,alt_name_3
1601,152,industrial
1602,4,payment:credit_card
1603,1188,payment:debit_cards
1604,2,payment:freecharge
1605,134,diplomatic
1606,78,embassy
1607,222,studio
1608,44,short_name:en
1609,16,traffic_calming
1610,2,removed:shop
1611,2,version
1612,36,historic:name
1613,14,addr:street:en
1614,8,pin_code
1615,2,removed:amenity
1616,874,historic:railway
1617,106,wpt_symbol
1618,2,short_name:ta
1619,26,fuel:octane_80
1620,4,church
1621,78,telecom
1622,2,pin
1623,60,operator:en
1624,78,fuel:octane_98
1625,6,town
1626,208,colour
1627,306,code
1628,216,layer
1629,8,official_name:kn
1630,110,attraction
1631,18,toll
1632,12,alt_name:kn
1633,8,route
1634,180,addr:city:ur
1635,252,diet:vegan
1636,30,museum
1637,34,phone2
1638,12,phone3
1639,40,addr:street:ur
1640,54,traffic_sign
1641,8,cinema:3D
1642,4,deaf:description:en
1643,36,drive_in
1644,4,lift_gate:type
1645,4,open_air
1646,22,parking_space
1647,14,payment:online_payment
1648,8,payment:online_wallet
1649,102,screen
1650,8,piste:type
1651,136,horse
1652,6,piste:difficulty
1653,84,microbrewery
1654,28,addr:province
1655,2,commercial
1656,6,location_code_no
1657,816,source:alt_name1
1658,12,speciality
1659,166,motor_vehicle
1660,134,wifi
1661,38,fireplace
1662,200,shelter_type
1663,2,shelter_type_1
1664,2,common_name:en
1665,68,castle_type
1666,80,indoor_seating
1667,1006,capacity
1668,6,capacity:disabled
1669,4,capacity:parent
1670,4,capacity:women
1671,32,park_ride
1672,238,payment:cards
1673,462,payment:coins
1674,146,payment:contactless
1675,184,payment:electronic_purses
1676,8,subdenomination
1677,380,toilets
1678,28,name_alt
1679,2,old_name:bn
1680,4,breakfast
1681,28,swimming_pool
1682,36,auto_rickshaw
1683,222,payment:notes
1684,6,map_size
1685,8,map_type
1686,380,social_facility
1687,376,social_facility:for
1688,350,internet_access:ssid
1689,68,disused:amenity
1690,2,alt_name:it
1691,4,ramp
1692,8,protected
1693,12,addr:city_1
1694,22,LocationCodeNo
1695,44,village_code
1696,2,wikipedia:uk
1697,10,museum_type
1698,4,addr:postcode_1
1699,164,bar
1700,80,payment:american_express
1701,118,payment:maestro
1702,364,payment:visa
1703,2,goods
1704,2,hgv
1705,8,vehicle
1706,16,place_of_worship
1707,2,Farm
1708,60,monorail
1709,236,diet:non-vegetarian
1710,24,alt_name:ml
1711,16,date
1712,4,place_of_worship:type
1713,12,scuba_diving:divespot
1714,2,importance
1715,2,old_name:kn
1716,60,toilets:disposal
1717,66,unisex
1718,52,ups_other
1719,10,min_height
1720,12,ups_community
1721,12,ups_school
1722,2,ups_shop
1723,2,ups_hospital
1724,16,display
1725,236,visibility
1726,430,addr:suburb
1727,102,official_name:pa
1728,104,official_name:ur
1729,30,diesel
1730,36,board_type
1731,4,alt_name:sk
1732,4,trail_visibility
1733,16,wikipedia:te
1734,10,post_office:type
1735,22,abandoned:aeroway
1736,8,wikipedia:or
1737,158,operator:short
1738,2,fuel:nitrogen
1739,8,fuel:adblue
1740,4,fuel:ethanol
1741,64,fuel:octane_100
1742,4,fuel:octane_87
1743,18,fuel:octane_92
1744,2,payment:bancomat
1745,2,payment:bankaxess
1746,16,payment:cryptocurrencies
1747,24,payment:diners_club
1748,18,payment:discover_card
1749,2,payment:dkv
1750,6,payment:girocard
1751,4,payment:jcb
1752,2,payment:laser
1753,2,payment:postfinance_card
1754,2,payment:uta
1755,14,kerb
1756,2,wikipedia:fa
1757,252,addr:village
1758,2,aerodrome
1759,18,source:ref
1760,4,name:long
1761,40,abandoned:railway
1762,4,postcode
1763,2,golf_cart
1764,16,police
1765,38,addr:city:ks
1766,6,brand:ks
1767,4,short_name:ks
1768,2,operator:ks
1769,8,operator:wikipedia:ur
1770,4,name:pa_1
1771,362,grades
1772,2,timing
1773,122,playground:theme
1774,26,disused:railway
1775,36,tee
1776,8,alt_name:de
1777,2,alt_name:sv
1778,58,consulate
1779,116,target
1780,8,nuclear_explosion:country
1781,8,nuclear_explosion:date:utc
1782,4,nuclear_explosion:device
1783,8,nuclear_explosion:hole
1784,8,nuclear_explosion:salvo
1785,8,nuclear_explosion:series
1786,8,nuclear_explosion:shot_name:en
1787,8,nuclear_explosion:site
1788,8,nuclear_explosion:time:utc
1789,8,nuclear_explosion:type
1790,8,nuclear_explosion:yield
1791,2,nuclear_explosion:ground_zero_altitude
1792,4,nuclear_explosion:height_of_burst
1793,2,nuclear_explosion:crater_diameter
1794,10,gns:adm1
1795,12,long_name
1796,12,long_name:ur
1797,44,usage
1798,26,agrarian
1799,2,Affliation
1800,6,addr:interpolation
1801,2,Academic
1802,4,laboratory
1803,2,x-ray
1804,8,electrified
1805,88,frequency
1806,36,voltage
1807,114,minibus
1808,2,storage
1809,2,name:nb
1810,6,Affiliation
1811,20,name:bo_wylie
1812,4,alt_name:bo
1813,2,alt_name:bo_wylie
1814,4,name:bo_pinyin
1815,2,name:zh-Latn-wadegile
1816,4,access:conditional
1817,8,seasonal
1818,118,contact:facebook
1819,26,motorcycle:parts
1820,42,motorcycle:repair
1821,30,motorcycle:sales
1822,4,motorcycle:tyres
1823,190,cash_in
1824,130,addr:hamlet
1825,2,historic:capital
1826,4,heritage:website
1827,52,historic:civilization
1828,38,site_type
1829,10,gauge
1830,20,facebook
1831,2,local_name
1832,116,reservation
1833,16,addr:region
1834,44,tram
1835,38,POI
1836,12,crossing_ref
1837,40,butcher
1838,6,gender
1839,324,alt_name2
1840,34,area
1841,2,NGO
1842,48,fuel:gasoline
1843,58,not:brand:wikidata
1844,38,water
1845,4,happycow:id
1846,2,seamark:information
1847,4,seamark:light:1:character
1848,4,seamark:light:1:colour
1849,4,seamark:light:1:height
1850,4,seamark:light:1:range
1851,4,seamark:light:1:sector_end
1852,4,seamark:light:1:sector_start
1853,2,seamark:light:2:character
1854,2,seamark:light:2:colour
1855,2,seamark:light:2:height
1856,2,seamark:light:2:range
1857,2,seamark:light:2:sector_end
1858,2,seamark:light:2:sector_start
1859,2,UPLABDHI
1860,8,cost:coffee
1861,12,maxstay
1862,148,denotation
1863,52,genus
1864,6,divison
1865,6,abandoned:public_transport
1866,32,crossing:barrier
1867,4,bus_stop:category
1868,2,is_in:region
1869,14,old_ref
1870,14,charge
1871,4,disused:public_transport
1872,30,memorial:type
1873,8,crossing:island
1874,28,opening_hours:signed
1875,26,disused:shop
1876,52,construction:railway
1877,28,addr:street:ta
1878,12,historic:aeroway
1879,8,architect
1880,2,date:start
1881,64,fuel:1_25
1882,46,fuel:1_50
1883,2,research
1884,2,gurudawara sahib
1885,2,free_flying:official
1886,2,free_flying:paragliding
1887,2,free_flying:site
1888,60,fuel:GTL_diesel
1889,14,addr:city:ta
1890,4,addr:country:ta
1891,16,addr:district:ta
1892,8,addr:state:ta
1893,8,religion:ta
1894,116,vending
1895,12,shop:ta
1896,2,source:opening_hours
1897,24,automated
1898,2,railway_division
1899,2,health_specialty:optometry
1900,132,phone_1
1901,36,phone_2
1902,28,emergency_telephone_code
1903,164,medical_system
1904,2,ref_1
1905,772,male
1906,2,shortest_name
1907,30,contact:nodal_officer_email
1908,30,contact:nodal_officer_mobile
1909,2,recycling:aluminium
1910,4,recycling:batteries
1911,2,recycling:beverage_cartons
1912,4,recycling:books
1913,2,recycling:cooking_oil
1914,2,recycling:music
1915,4,recycling:newspaper
1916,2,recycling:plasterboard
1917,4,recycling:plastic
1918,2,recycling:shoes
1919,2,recycling:wood
1920,4,historic_name
1921,4,agricultural
1922,10,company
1923,2,proposed:railway
1924,534,proposed
1925,76,addr:locality
1926,184,name_1
1927,16,monument
1928,4,people
1929,30,bicycle_parking
1930,2,Institute
1931,2,charge:note
1932,2,photography:inside
1933,2,photography:note
1934,14,plant:method
1935,36,plant:output:electricity
1936,38,plant:source
1937,2,trees
1938,22,collection_times
1939,422,habitationcode
1940,18,is_in:block:ta
1941,592,is_in:village:ta
1942,404,source:habitationcode
1943,406,source:villagecode
1944,418,villagecode
1945,38,ruins
1946,2,ref no
1947,6,alt_name_1:en
1948,726,source:alt_name_1
1949,218,source:postal_code
1950,2,factory
1951,8,payment:account_cards
1952,234,source:ele
1953,2,source:position
1954,112,addr:floor
1955,98,payment:google_pay
1956,8,payment:gpay
1957,26,substation
1958,36,service:vehicle:tyres
1959,24,ref:vatin
1960,4,railway:historic
1961,2,stationery
1962,8,communication:radio
1963,2,assembly_ref
1964,2,booth_ref
1965,2,name_old
1966,140,building:use
1967,8,user_defined
1968,130,diet:halal
1969,8,taxi
1970,34,operation:sulaimani
1971,2,alt_name:pt
1972,2,source:population:date
1973,12,resource
1974,32,CovidVaccineCenterId
1975,6,traffic_sign:direction
1976,2,historic:public_transport
1977,2,recycling:cardboard
1978,2,recycling:electrical_appliances
1979,2,recycling:glass
1980,4,recycling:glass_bottles
1981,2,recycling:magazines
1982,2,recycling:plastic_packaging
1983,2,technology
1984,8,house
1985,86,content
1986,4,exit_to
1987,2,name2
1988,2,wikipedia_1
1989,2,railway:construction
1990,8,and_a_nosr_p
1991,2,nagar_panchayat
1992,2,Town
1993,2,resi
1994,2,sources
1995,2,notes
1996,2,railway:abandoned
1997,2,colddrinks
1998,2,pcode
1999,8,home
2000,6,motorcycle:clothes
2001,18,motorcycle:rental
2002,16,rental
2003,18,sale
2004,10,bicycle:rental
2005,270,leaf_cycle
2006,116,beauty
2007,6,railway:signal:direction
2008,2,Gym
2009,4,Guruduwara
2010,2,gym
2011,2,ground
2012,40,tower:construction
2013,6,hdop
2014,36,state_code
2015,2,name:kok
2016,2,name:pi
2017,4,name:uz
2018,4,alt_name:fr
2019,2,name:sh
2020,2,name:xmf
2021,8,sloped_curb
2022,2,incorrect_population_tag
2023,2,blog
2024,16,building:style
2025,6,room
2026,24,style
2027,2,diety
2028,10,transportation
2029,12,backrest
2030,46,seats
2031,40,hazard
2032,6,service:computer
2033,38,service:copy
2034,2,service:prepress
2035,42,service:print
2036,8,service:scan
2037,4,park
2038,1990,working
2039,4,branch:ta
2040,6,operator:ta
2041,2,internet_access:description
2042,286,second_hand
2043,4,source:shop
2044,2,source:building
2045,2,source:office
2046,8,source:level
2047,8,source:amenity
2048,2,apartments
2049,8,college
2050,2,Landmark
2051,2,money_transfer
2052,6,department
2053,4,hotel
2054,2,other_name
2055,2,title
2056,2,tc:toilet_id
2057,2,source:sgns
2058,10,source:alt_name:en
2059,6,addr:city:ar
2060,6,addr:place:ar
2061,8,addr:place:ur
2062,12,branch:mr
2063,6,fast_food
2064,2,Temple
2065,16,statue
2066,2,tutor
2067,18,harbour
2068,12,seamark:harbour:category
2069,40,village
2070,4,headframe
2071,4,mineshaft_type
2072,8,depth
2073,240,source:date
2074,18,City
2075,16,support
2076,8,place:CN
2077,2,source:note
2078,4,check_date:bench
2079,2,name:ky
2080,2,name:lez
2081,2,name:tt
2082,2,stay
2083,2,name:en2
2084,102,beds
2085,78,payment:bitcoin
2086,16,circumference
2087,2,flowering-season
2088,4,attribution
2089,2,ref:ruian:addr
2090,40,service:bicycle:retail
2091,56,diet:lacto_vegetarian
2092,14,category
2093,6,family
2094,2,Family
2095,2,foundation
2096,4,colony
2097,28,currency:others
2098,4,Business
2099,16,addr
2100,2,addr:tehsil
2101,2,phone:prefix
2102,8,fuel:PETROL
2103,4,contact:phone_1
2104,4,contact:phone_2
2105,10,service:vehicle:Sale
2106,32,service:vehicle:body_repair
2107,52,service:vehicle:brakes
2108,70,service:vehicle:car_repair
2109,84,service:vehicle:oil_change
2110,2,name:hi-Latn
2111,2,disused:cuisine
2112,46,indoor
2113,2,is_in:street
2114,16,no
2115,28,emergency_service
2116,114,number
2117,2,ref:suburban
2118,34,payment:telephone_cards
2119,322,guest_house
2120,12,check_date:shelter
2121,16,tomb
2122,2,biergarten
2123,2,ISO3166-2
2124,2,abandoned:man_made
2125,2,historic:amenity
2126,284,contact:helpline
2127,2,construction:power
2128,124,gnis:ufi
2129,124,gnis:uni
2130,2,Floor
2131,2,official_name:te
2132,2,nationality
2133,6,addr:area
2134,4,service:press
2135,8,health_amenity:type
2136,2,operational_status
2137,16,water_source
2138,2,short_name:ar
2139,6,name:botanical
2140,48,bridge:support
2141,4,mandal
2142,2,payment:litecoin
2143,8,crossing:activation
2144,12,crossing:supervision
2145,8,maxspeed
2146,14,addr:street_1
2147,2,addr:city:ml
2148,4,addr:street:ml
2149,40,ownership
2150,16,cemetery
2151,118,taxi_type
2152,2,alt_name:zh_pinyin
2153,2,artwork_type_1
2154,2,water_treatment
2155,82,administrative
2156,50,addr:neighbourhood
2157,6,road
2158,26,marker
2159,8,utility
2160,94,pincode
2161,42,service:bicycle:repair
2162,246,abandoned:place
2163,10,addr:flats
2164,60,garden:type
2165,116,households
2166,14,households2011
2167,2,District
2168,4,Language
2169,6,State
2170,2,cafeteria
2171,2,social_facility_for
2172,4,lamp_type
2173,2,name:abbreviation
2174,8,elevator
2175,6,length
2176,2,recycling:clothes
2177,2,Legality
2178,16,camera:direction
2179,2,nearyouu
2180,44,wholesale
2181,10,cuisine_1
2182,2,language:de
2183,10,opening_hours:url
2184,96,contact:instagram
2185,6,twitter
2186,16,facilities
2187,4,name_3
2188,4,name_4
2189,2,building:ta
2190,36,phone:mobile
2191,10,famous for
2192,2,average rate/kg
2193,2,famous
2194,168,min_age
2195,4,diet:non_alcoholic
2196,38,fair_trade
2197,2,phone:mobile2
2198,4,alt_name:te
2199,4,tourism_1
2200,2,monitoring:air_quality
2201,22,payment:all
2202,2,inscription:url
2203,4,crop
2204,8,panchayat
2205,2,old_name_1
2206,4,craft_1
2207,2,phone2:description
2208,2,phone3:description
2209,2,phone:description
2210,72,brewery
2211,2,doctor
2212,4,bridge
2213,4,maxheight
2214,2,PARK
2215,2,name:mr:--2018-07-19
2216,2,old_name:ta
2217,166,toilets:access
2218,148,species:wikidata
2219,140,species:wikipedia
2220,18,user_defined_other
2221,4,flag_skip
2222,4,gns:ufi
2223,6,service:bicycle:cleaning
2224,2,motorcycle:safety_inspection
2225,2,diet:ovo_vegetarian
2226,2,demolished
2227,2,landscape
2228,2,mall
2229,2,building:name
2230,2,vinayaknagar
2231,4,faces
2232,14,phone_3
2233,36,diameter_crown
2234,8,office:ta
2235,4,operator_1
2236,2,source:operator
2237,40,service:vehicle:diagnostics
2238,64,service:vehicle:inspection
2239,6,communication:television
2240,6,diet:jain
2241,2,service:bicycle:rental
2242,22,building:colour
2243,728,building:material
2244,4,popular name
2245,2,platform
2246,4,coffee
2247,6,drink:coffee
2248,10,drink:juice
2249,2,addr:Taluk
2250,2,entertainment
2251,26,communication:mobile_phone
2252,16,survey_point
2253,14,species:en
2254,6,backcountry
2255,16,caravans
2256,2,openfire
2257,18,tents
2258,4,hot
2259,2,currency
2260,42,language:en
2261,2,language:hn
2262,2,speech_output:lg
2263,38,roof:shape
2264,2,branch code
2265,8,ref:ifsc
2266,6,produce
2267,2,toilets:position
2268,2,maxdraft
2269,8,port_of_entry
2270,2,banquets
2271,2,cafe
2272,2,coffee_shop
2273,6,restaurant
2274,4,university
2275,16,fuel:oil
2276,6,fuel:air
2277,6,fuel:petroleum
2278,146,side
2279,2,design:incomplete
2280,2,triple_tower
2281,6,manhole
2282,2,temporary
2283,18,power_supply
2284,14,trucks
2285,2,community:en
2286,10,community:gender
2287,2,impromptu
2288,6,email_1
2289,14,source_1
2290,2,source_2
2291,18,shop_1
2292,4,healthcare:speciality_1
2293,4,min_level
2294,2,subject:death
2295,2,subject:name
2296,4,store
2297,4,name:abbr
2298,8,service:vehicle:car_sales
2299,10,service:vehicle:used_car_sales
2300,2,truck_scale
2301,4,cuisine_2
2302,30,amenity_1
2303,16,service:vehicle:car_parts
2304,24,service:vehicle:new_car_sales
2305,50,service:vehicle:repairs
2306,4,service:vehicle:tires
2307,4,ele:msl
2308,4,ele:source
2309,2,harbour:category
2310,384,source:name:te
2311,16,addr:landmark
2312,8,addr:
2313,8,abandoned
2314,2,was:building
2315,2,brand_1
2316,2,addr:block_number
2317,2,building:fireproof
2318,2,parking:fee
2319,2,recharge
2320,2,official
2321,2,tea
2322,8,name:km
2323,4,Sector
2324,30,pump
2325,18,parts
2326,2,sales
2327,10,name:phk
2328,2,name:ba
2329,88,resort
2330,8,education
2331,88,payment:visa_debit
2332,12,source:location
2333,2,generator:output:compressed_air
2334,4,nature
2335,26,ta:name
2336,6,pet
2337,4,service:bicycle:chain_tool
2338,2,enforcement
2339,42,drink:palm_wine
2340,2,street_name
2341,34,repair
2342,48,contact:twitter
2343,2,organisation
2344,24,payment:visa_electron
2345,14,community_centre:for
2346,4,trolleybus
2347,4,computer:sales
2348,4,currency:Ngultrum
2349,2,unit_number
2350,8,rating
2351,16,flag:type
2352,2,NHD:Elevation
2353,2,source:category
2354,2,nam
2355,2,name:old
2356,200,addr:ward
2357,2,syallabus
2358,6,industry
2359,30,school:type
2360,14,service:bicycle:Bicycle_Sales_and_Service
2361,2,service:bicycle:mtb
2362,8,service:bicycle:parts
2363,2,service:bicycle:screwdriver
2364,4,service:bicycle:tools
2365,2,star
2366,4,is_in:suburb
2367,2,addr:conscriptionnumber
2368,4,bath:open_air
2369,6,bath:type
2370,6,railway:position
2371,2,filters
2372,2,ele:ft
2373,2,elephant
2374,2,wikipedia:ru
2375,2,communication
2376,2,highway_1
2377,6,airmark
2378,6,beacon:type
2379,2,navigationaid
2380,2,beacon:channel
2381,4,beacon:code
2382,4,beacon:frequency
2383,2,addr:street:ru
2384,8,indoor:level
2385,6,route_master
2386,10,reservoir_type
2387,4,shop_2
2388,2,monitoring:weather
2389,20,contact:tripadvisor
2390,2,receipt
2391,2,disused:building
2392,28,contact:linkedin
2393,2,car:tyres
2394,2,faculty
2395,64,playground
2396,2,worship
2397,4,drink
2398,22,compressed_air
2399,6,operator:pa
2400,2,service:bicycle:Puncture_Repair
2401,4,currency:Rs
2402,6,source:abandoned
2403,2,produce_1
2404,2,produce_2
2405,2,produce_3
2406,2,opening_hours_1
2407,2,demolished:railway
2408,2,fuel:petrole
2409,22,cash-in
2410,24,language:hi
2411,2,removed:railway
2412,8,animal
2413,16,ford
2414,2,gate
2415,2,contact
2416,2,check_date:internet_access
2417,2,n_dt2011_0
2418,2,latitude
2419,2,longitude
2420,2,source:church
2421,4,ele:note
2422,724,mapillary
2423,4,removed:bench
2424,2,removed:bus
2425,2,removed:highway
2426,2,removed:public_transport
2427,4,removed:shelter
2428,10,payment:net_banking
2429,12,description:service:print
2430,124,barrier:personnel
2431,220,extrude
2432,220,tessellate
2433,78,repeat_on
2434,2,source:geometry
2435,6,boundary
2436,6,alt_name:zh
2437,2,fortification_type
2438,2,water_tank:volume
2439,4,phone_4
2440,2,note_1
2441,4,status
2442,2,cdm
2443,2,garden:style
2444,2,short_name:cs
2445,2,census:code
2446,2,payment:EMI
2447,4,source1
2448,12,census2011:code
2449,76,source:mdds_code
2450,10,source:LocationCodeNo
2451,46,source:villagecode_1
2452,48,villagecode_1
2453,14,name:FULL_NAME_RO
2454,2,source2
2455,314,source:alt_name2
2456,2,isolation
2457,2,wikipedia:de
2458,10,mobile_phone:repair
2459,20,diet:gluten_free
2460,14,tables
2461,2,addr:place_1
2462,58,alt_name3
2463,56,source:alt_name3
2464,16,community_centre
2465,8,animal_shelter
2466,16,roof:orientation
2467,4,service:vehicle:truck_repair
2468,2,healthcare_1
2469,2,alt_name_4
2470,6,flag:name
2471,6,flag:wikidata
2472,6,subject
2473,4,blood:plasma
2474,4,blood:platelets
2475,4,blood:whole
2476,4,currency:RUP
2477,16,brand:website
2478,4,description:kn
2479,30,delivery:partner
2480,12,alt_name4
2481,108,railway:ref
2482,12,roof:colour
2483,4,roof:levels
2484,28,roof:material
2485,2,source:name2
2486,2,recreational
2487,62,mobile
2488,2,lwn_ref
2489,12,xmas:feature
2490,2,school_type
2491,16,source:alt_name4
2492,58,preschool
2493,2,internet_access:type
2494,8,payment:rupay
2495,6,payment:wallet
2496,2,payment:wallets
2497,48,sign
2498,2,website_1
2499,8,motor_vehicle:conditional
2500,2,warning
2501,2,description:pt
2502,2,ref:ipa
2503,2,alt_name:ja
2504,2,service:vehicle:auto
2505,4,service:vehicle:bike
2506,2,service:vehicle:car
2507,2,service:vehicle:tractor
2508,4,disused:office
2509,2,Police
2510,2,aircraft:type
2511,2,free_flying:school
2512,54,townhall:type
2513,6,name1
2514,4,source:names
2515,2,is_in:subdistrict
2516,8,payment:sodexo
2517,2,darning
2518,6,is_in:town
2519,2,name:full
2520,16,drink:tea
2521,6,REF
2522,4,dance:style
2523,70,dance:teaching
2524,16,state
2525,2,name:bo-Latn
2526,2,source:name_village
2527,68,addr:union
2528,78,damage
2529,30,hazard_intensity
2530,2,mosque
2531,4,tubewell
2532,26,damage_description
2533,28,damage_per
2534,4,madrasa
2535,2,culvert
2536,14,tunnel
2537,2,name_of_di
2538,16,damage_date
2539,4,market
2540,8,substance
2541,2,religion_1
2542,2,temple
2543,4,hlcit:code
2544,4,is_in:vdc
2545,4,is_in:zone
2546,4,unocha:pcode
2547,4,unocha:vil_code
2548,4,unocha:vname
2549,4,line
2550,2,date:rebuilt
2551,2,date:renamed
2552,2,name:1928-1934
2553,6,elevator:ref
2554,2,age
2555,10,service:vehicle:air_conditioning
2556,22,service:vehicle:batteries
2557,2,payment:Bajaj_Finserv
2558,14,disused:bench
2559,8,disused:shelter
2560,22,payment:card
2561,2,toilet
2562,2,automobile
2563,4,payment:online_booking
2564,2,contact:address
2565,4,clothes:men
2566,2,clothes:women
2567,6,service:bicycle:pump
2568,32,source_ref
2569,22,name_disaster
2570,2,payment:zeta_super_card
2571,4,payment:none
2572,2,fuel:premium_diesel
2573,4,youtube
2574,2,organization
2575,4,alt_phone
2576,10,gst:feat_id
2577,2,hindu:deity
2578,2,alt_name:nl
2579,2,name:lo
2580,2,official_name:de
2581,6,official_name:en
2582,2,official_name:fr
2583,2,official_name:lb
2584,2,official_name:nl
2585,2,official_name:pt
2586,2,official_name:ru
2587,2,official_name:zh
2588,2,use
2589,4,protection_title
2590,10,payment:cheque
2591,8,motorcycle:type
2592,2,phone:emergency
2593,4,payment:tez
2594,60,cash_withdrawal
2595,4,kindergarten
2596,6,fclass
2597,8,osm_id
2598,2,motorcycle:tours
2599,26,max_age
2600,14,artwork_subject
2601,6,addr:building
2602,4,locomotive:type
2603,6,from
2604,6,levels
2605,2,name:ja_rm
2606,4,fimxe
2607,2,insurance:type
2608,12,addr:town
2609,8,brand:short
2610,22,contact:youtube
2611,2,dogs
2612,2,addr:district:hi
2613,6,Owner
2614,28,alcohol
2615,2,drink:milk
2616,2,name:Wancho
2617,4,drink:shake
2618,2,ref1
2619,6,training
2620,4,drink:beer
2621,2,drink:vodka
2622,4,drink:wine
2623,2,amenity_2
2624,8,stroller
2625,2,network:short
2626,2,alt_name:ru
2627,212,facility:ambulance
2628,144,facility:blood_bank
2629,312,facility:ipd
2630,338,facility:opd
2631,236,facility:operating_theater
2632,288,facility:pathology_labs
2633,250,facility:radiology_labs
2634,198,facility:ventilator
2635,234,hospital:type
2636,166,collection_centre
2637,216,facility:blood_test
2638,164,facility:stool_test
2639,212,facility:urine_test
2640,162,testing_centres
2641,422,capacity:beds
2642,60,name:in
2643,86,facility:ct_scan
2644,86,facility:mri
2645,122,facility:sonography
2646,130,facility:xray
2647,190,laboratory:type
2648,74,facility:ayurveda
2649,34,facility:naturopathy
2650,2,facility:yoga
2651,200,facility:delivery
2652,12,addr:location
2653,2,healthcare:for
2654,6,services
2655,2,medical_staff:pharmacist
2656,18,facility:de_addiction
2657,16,facility:psychiatry
2658,18,facility:psycotherapy
2659,18,facility:rehabilation
2660,14,facility:trauma
2661,12,facility:others
2662,92,facility:homeopathy
2663,12,hole:diameter
2664,122,connectivity
2665,30,facility:unani
2666,2,name of doctor
2667,44,facility:yogo
2668,20,healthcare:specialist
2669,28,facility:siddha
2670,2,facility:fixed_day
2671,6,facility:pathology_lab
2672,4,facility:operation_theatre
2673,6,facility:ot
2674,2,facility:radiology_lab
2675,2,facility:blood_packs
2676,2,facility:complete
2677,2,facility:platelets
2678,2,facility:transfusion
2679,2,facility:operating_theatre
2680,26,specialist
2681,6,payment:mobile_wallet
2682,60,affiliation
2683,2,facility
2684,46,route_number
2685,2,opening_hours_2
2686,2,hospital_type
2687,24,dog
2688,18,operator_type
2689,22,cash:withdrawl_limit
2690,20,machine:numbers
2691,2,gate:type
2692,2,note:en
2693,2,addr:source
2694,8,laundry_service
2695,4,payment:bank_transfer
2696,690,cleaning_schedule
2697,690,facility:water_supply
2698,690,staff_on_site
2699,108,facility:air_filling
2700,16,affiliation:number
2701,36,average_fee:amount
2702,48,security_guard
2703,42,facility:mechanic
2704,72,fuel:nitrogen_filling
2705,2,payment:bank_deposits
2706,4,loc_ref:ta
2707,2,addr:city_2
2708,100,facility:playground
2709,6,addr:khasra
2710,2,source:zoomlevel
2711,18,ref:office_code
2712,24,service:vehicle:electrical
2713,62,floor
2714,10,isced
2715,2,Activity
2716,14,currency:USD
2717,2,league
2718,2,scuba_diving:courses
2719,10,toilet:female
2720,4,drink:milkshake
2721,2,happy_hours
2722,2,drink:sake
2723,2,addr:sector
2724,14,aerialway:access
2725,14,aerialway:summer:access
2726,8,checkpoint
2727,8,contact:tollfree
2728,2,gnis:feature_type
2729,8,zoo
2730,2,whatsapp
2731,2,collateral
2732,2,narrow
2733,2,hazard_type
2734,6,addr:quarter
2735,2,payment:Bajaj_EMI
2736,4,commemorates:wikidata
2737,2,was:ref
2738,2,verified
2739,2,stable
2740,4,alt_ref
2741,30,wetland
2742,2,salon
2743,2,gstin
2744,2,director
2745,4,payment:bajajfinserv
2746,6,payment:amazonpay
2747,2,payment:whatsapp
2748,2,alt:ref
2749,16,service:vehicle:alignment
2750,6,smoothness
2751,2,disused:tactile_paving
2752,2,juice
2753,2,addr:taluka
2754,2,tickets:public_transport
2755,4,instagram
2756,2,altitude
2757,190,geometry
2758,6,climbing
2759,6,payment:unionpay
2760,2,Source
2761,2,GNS:dsg
2762,4,source:short_name
2763,2,destination:ref
2764,2,MICR_Code
2765,2,swift
2766,12,hoops
2767,8,Covid Treatment Available
2768,10,is_in:municipality:ta
2769,2,source:name_ml
2770,2,way
2771,2,fuel:Dex_Diesel
2772,4,addr:district:ur
2773,4,ref_post
2774,2,pharmacy
2775,4,previously
2776,2,seamark:light:1:group
2777,2,seamark:light:1:period
2778,2,service:vehicle:accessories
2779,2,service:vehicle:accessory_installation
2780,10,theatre:type
2781,18,service:vehicle:painting
2782,6,addr:city:en
2783,4,addr:city:simc
2784,8,addr:municipality
2785,8,addr:postcode:source
2786,6,diet:dairy_free
2787,4,diet:diabetes
2788,6,diet:egg_free
2789,8,diet:kosher
2790,4,diet:nut_free
2791,22,diet:organic
2792,4,diet:raw
2793,2,diet:soy_free
2794,4,diet:sugar_free
2795,2,arts
2796,2,charity
2797,8,subdistrict
2798,30,town_code
2799,6,language:ml
2800,4,language:others
2801,2,drink:lassi
2802,2,office feeder maintain
2803,2,sample_collection
2804,2,drink:hot_chocolate
2805,10,diameter
2806,2,pipeline
2807,2,valve
2808,2,historic:end_date
2809,2,historic:start_date
2810,4,service:vehicle:glass
2811,6,service:vehicle:insurance
2812,20,contact:pinterest
2813,246,mdds:PLCN
2814,246,source:mdds_PLCN
2815,2,diplomatic:services:Notarial_Services
2816,2,diplomatic:services:citizen_services
2817,2,diplomatic:services:immigrant_visas
2818,2,diplomatic:services:non-immigrant_visas
2819,2,guide
2820,2,physically_present
2821,18,level:ref
2822,2,node
2823,2,payment:digital_payments
2824,2,feeder
2825,12,historical
2826,2,ref:shop:num
2827,2,health_facility
2828,4,playground:multi_play
2829,42,changing_table:count
2830,2,design
2831,2,pole:type
2832,2,disused:healthcare
2833,4,source:elevation
2834,24,consulting
2835,12,service:vehicle:wheels
2836,2,telephone_area_code
2837,2,vehicle registration
2838,4,payment:swipe_bankcard
2839,2,service:vehicle:muffler
2840,18,contact:foursquare
2841,18,contact:ok
2842,18,contact:skype
2843,18,contact:telegram
2844,18,contact:vk
2845,22,contact:whatsapp
2846,18,contact:xing
2847,18,contact:yelp
2848,2,language:fr
2849,6,fitness_station
2850,12,cash_withdrawal:fee
2851,8,cash_withdrawal:foreign_cards
2852,2,nudism
2853,2,description:ru
2854,2,postal
2855,200,ward
2856,2,addr:county
2857,6,Household Code
2858,8,diet:lactose_free
2859,4,source_ref:url
2860,2,syllabus
2861,2,literacy
2862,2,service:vehicle:sales
2863,10,cash_withdrawal:operator
2864,4,cash_withdrawal:purchase_required
2865,44,changing_table:fee
2866,2,vehicle:conditional
2867,10,cash_withdrawal:type
2868,10,fishing
2869,2,vegetables
2870,18,operator:ml
2871,2,patron_saint
2872,2,license_classes
2873,6,fountain
2874,10,diet:local
2875,4,telecom:medium
2876,6,animal_breeding
2877,4,animal_boarding
2878,62,via
2879,4,short_name:ml
2880,2,public_bookcase:type
2881,4,purpose
2882,2,antenna:type
2883,2,short_name_1
2884,8,salt
2885,6,tidal
2886,2,picture
2887,2,hospice
2888,2,age_group
2889,8,polling_station
2890,2,coordinates
2891,8,hospital_type_id
2892,4,shoes
2893,4,shoes:repair
2894,2,PIN
2895,4,changing_table:location
2896,2,opening_hours:kitchen
2897,4,to
2898,2,appointment
2899,2,stop
2900,4,clinic
2901,22,lgbtq
2902,38,group_only
2903,16,nursery
2904,2,baby
2905,10,cash_withdrawal:purchase_minimum
2906,4,abbr_name
2907,4,noname
2908,4,branch:type
2909,2,dine_in
2910,2,communication:2G
2911,2,communication:3G
2912,10,communication:4G
2913,2,communication:4G+
2914,2,communication:edge
2915,2,communication:internet
2916,2,mimics
2917,2,building:use:residential
2918,2,trail
2919,2,internet
2920,2,source_url
2921,2,payment:paypal
2922,8,gns:cc1
2923,6,gns:n:modify_date
2924,2,gns:modify_date
2925,2,taxon
2926,4,cash_withdrawal:currency
2927,4,payment:credit
2928,2,opening_hours:visitors
2929,2,occupation
2930,2,Pincode
2931,2,Pin Code
2932,2,official_status
2933,26,panchayath
2934,6,Municipality
2935,2,health
2936,4,specialities
2937,54,ration_shop_number
2938,18,payment:phone_app
2939,2,buildingpart
2940,4,CATEGORY
2941,4,Rural_Urban
2942,4,School_Management_Description
2943,2,payment:QR_Pay
2944,2,informal
2945,2,service:vehicle:bike_accessories
2946,2,service:vehicle:motorcycle_customization
2947,4,currency:rupiah
2948,4,payment:easycard
2949,2,description:de
2950,4,locationcode2001
2951,6,medical_supply
2952,2,mist_spraying_cooler
2953,2,zero_waste
2954,2,operation
2955,2,aerospace:product
2956,2,language:mr
2957,2,mobile_phone
2958,2,spa
2959,4,electric_car
2960,2,eco_products
2961,2,eco_friendly
2962,8,not:name
2963,2,source_type_imagery
2964,2,administration
2965,2,sustainable
2966,6,door
2967,2,delivery:covid19
2968,2,payment:electronic_transfer
2969,4,transformer
2970,4,showroom
2971,2,service:bicycle:sales
2972,2,service:bicycle:service
2973,2,god
2974,2,local_authority
2975,2,village_id
2976,2,management
2977,2,service:vehicle:service
2978,2,recycling:waste
2979,4,diplomatic:services:Trade_and_Investment_British_Columbia
2980,2,diplomatic:services:Office_of_the_Quebec_Trade_Commissioner
2981,2,website:stock
2982,2,library
2983,2,about
2984,2,tme
2985,2,fuel:fuel_oil
2986,2,formal
2987,2,converted_by
2988,2,diet:plant_based
2989,2,seamark:wreck:category
2990,2,wreck:date_sunk
2991,2,wreck:visible_at_low_tide
2992,6,blind
2993,2,deity
2994,2,roundabout
2995,2,ID
2996,2,open
2997,8,payment:phonepay
2998,2,payment:cash_nd_card
2999,6,not:operator:wikidata
3000,2,price
3001,4,floors
3002,2,payment:demand_draft
3003,26,diet:healthy
3004,2,payment:online
3005,2,priority_road
3006,28,population_date
3007,20,generator:manufacturer
3008,20,generator:output:voltage
3009,18,generator:upgrade:manufacturer
3010,18,upgrade:date
3011,4,vaccination
3012,2,insurance:health
3013,2,diet:chicken
3014,2,old_addr:place
3015,6,operator:website
3016,10,railway:track_ref
3017,4,payment:bitcoincash
3018,14,generator:current
3019,2,computer:repair
3020,2,gadget
3021,2,laptop
3022,2,service area
3023,4,currency:CAD
3024,2,currency:EUR
3025,2,internet_access:access
3026,4,register
3027,2,Level
3028,2,official_short_type
3029,2,service:vehicle:bodywork
3030,2,service:vehicle:welding
3031,6,plot_number
3032,6,review_requested
3033,2,road_marking
3034,2,bakery
3035,4,Type
3036,2,cave:difficulty
3037,2,cave:equipment
3038,2,cave:features
3039,2,cave:size
3040,2,cave:through_trip
3041,2,communication:amateur_radio
3042,2,communication:bos
3043,2,communication:gsm-r
3044,4,communication:microwave
3045,2,communication:satellite
3046,4,field
3047,12,communication:lte+
3048,8,communication:mobile
3049,2,locale
3050,2,location:transition
3051,10,addr:level
3052,4,governance_type
3053,2,addr:description
3054,2,roof
3055,10,currency:rupee
3056,2,main road
3057,6,license
3058,2,monitoring
3059,16,monitoring:B.O.D
3060,16,monitoring:C.O.D
3061,14,monitoring:Dissolved_Oxygen
3062,16,monitoring:Fecal_Coliform
3063,16,monitoring:Nitrate
3064,14,monitoring:WQI
3065,16,monitoring:pH
3066,2,diet:seafood
3067,2,residental
3068,2,service:vehicle:old_cars
3069,6,mofa
3070,8,moped
3071,2,school:FR
3072,2,monitoring:Dissolv
3073,158,building_part
3074,2,grocery
3075,10,monitoring:AQI
3076,6,monitoring:Nitrous_Oxide
3077,10,monitoring:RSPM
3078,2,monitoring:Sulpher_Dioxide
3079,2,monitoring:Carbon_Dioxide
3080,6,monitoring:SPM
3081,4,monitoring:Sulphur_Dioxide
3082,2,monitoring:NO
3083,4,monitoring:SO2
3084,2,monitoring:NOx
3085,2,language:bn
3086,2,opening_days
3087,2,service:bicycle:spare_parts
3088,2,project
3089,2,shopping
3090,2,bath:sand_bath
3091,2,street_vendor
3092,2,building:owner
3093,2,online_shopping
3094,2,payment:qr-code
3095,2,ref_id
3096,2,brand:zh
3097,8,num
3098,6,ward_no
3099,2,payment:
3100,2,CNO
3101,2,operator:phone
3102,6,childcare
3103,2,diet:mediterranean
3104,2,for
3105,2,name:kmr
3106,2,lanes
3107,2,payment:razorpay
3108,2,massage
3109,2,street_cabinet
3110,2,addr:division
3111,2,payment:app
3112,2,art
3113,4,near
3114,4,licencee
3115,2,fuel:kerosene
3116,4,authentication:membership_card
3117,4,authentication:nfc
3118,8,socket:type2_combo
3119,2,structure
3120,4,construction:amenity
3121,2,waste_basket
3122,2,name:ren
3123,2,locomotive:class
3124,2,year_of_construction
3125,2,operator:ne
3126,2,operator2
3127,2,ice_cream
3128,2,pets
3129,2,nam:en
3130,18,revenue
3131,2,payment:imps
3132,4,payment:neft
3133,2,payment:online_transfer
3134,2,ref:isil
3135,6,locked
3136,22,razed:place
3137,2,building:part
3138,6,communication:lte
3139,2,bank
3140,2,hospital
3141,2,gender_segregated
3142,16,lake
3143,4,region:type
3144,2,diet:fish
3145,2,language:sa
3146,2,meadow
3147,2,source:alt
3148,2,valley
3149,2,railway:preferred_direction
3150,2,capacity:caravans
3151,6,capacity:persons
3152,2,naac
3153,4,fixme:ele
3154,2,anthropogenic
3155,2,refitted
3156,2,sinkhole
3157,2,opening_hours:opd
3158,2,currency:RUB
3159,2,Place:CN
3160,2,manufacturer
3161,2,service:vehicle:Car_sales
3162,4,service:vehicle:car_buy
3163,2,truck
3164,2,amperage
3165,2,scooter
3166,2,socket:multi
3167,2,payment:cas
3168,2,modern
3169,10,ship
3170,2,fuel:lubricants
3171,2,fuel:autogas
3172,2,currency:BCH
3173,2,camp_site
3174,2,communication:Telephone
3175,2,currency:PKR
3176,2,description:ur
3177,6,kids_area
3178,6,kids_area:fee
3179,6,kids_area:indoor
3180,6,kids_area:outdoor
3181,6,kids_area:supervised
3182,2,coach
3183,2,heating
3184,2,site
3185,2,highchair
3186,2,protect_class
3187,2,building:floor
3188,2,fuel:power
3189,2,razed:man_made
3190,2,pastry_shop
3191,2,emergency:phone
3192,2,palliative care
3193,10,source:razed
3194,4,drive-through
3195,2,old_name:ml
3196,6,uses
3197,2,diet:normal
3198,2,signpost
3199,2,payment:ewallet
